Season,Links
2005,https://www.espn.com/mens-college-basketball/boxscore/_/gameId/254000023
2005,https://www.espn.com/mens-college-basketball/boxscore/_/gameId/254000025
2005,https://www.espn.com/mens-college-basketball/boxscore/_/gameId/254000029
2005,https://www.espn.com/mens-college-basketball/boxscore/_/gameId/254000030
2005,https://www.espn.com/mens-college-basketball/boxscore/_/gameId/243250275
2005,https://www.espn.com/mens-college-basketball/boxscore/_/gameId/243280275
2005,https://www.espn.com/mens-college-basketball/boxscore/_/gameId/243322492
2005,https://www.espn.com/mens-college-basketball/boxscore/_/gameId/243350275
2005,https://www.espn.com/mens-college-basketball/boxscore/_/gameId/243390164
2005,https://www.espn.com/mens-college-basketball/boxscore/_/gameId/243420275
2005,https://www.espn.com/mens-college-basketball/boxscore/_/gameId/243460269
2005,https://www.espn.com/mens-college-basketball/boxscore/_/gameId/243500275
2005,https://www.espn.com/mens-college-basketball/boxscore/_/gameId/243580275
2005,https://www.espn.com/mens-college-basketball/boxscore/_/gameId/243620275
2005,https://www.espn.com/mens-college-basketball/boxscore/_/gameId/243640275
2005,https://www.espn.com/mens-college-basketball/boxscore/_/gameId/250052509
2005,https://www.espn.com/mens-college-basketball/boxscore/_/gameId/250080084
2005,https://www.espn.com/mens-college-basketball/boxscore/_/gameId/250110275
2005,https://www.espn.com/mens-college-basketball/boxscore/_/gameId/250160275
2005,https://www.espn.com/mens-college-basketball/boxscore/_/gameId/250220130
2005,https://www.espn.com/mens-college-basketball/boxscore/_/gameId/250250275
2005,https://www.espn.com/mens-college-basketball/boxscore/_/gameId/250290213
2005,https://www.espn.com/mens-college-basketball/boxscore/_/gameId/250330275
2005,https://www.espn.com/mens-college-basketball/boxscore/_/gameId/250360135
2005,https://www.espn.com/mens-college-basketball/boxscore/_/gameId/250400275
2005,https://www.espn.com/mens-college-basketball/boxscore/_/gameId/250430356
2005,https://www.espn.com/mens-college-basketball/boxscore/_/gameId/250470275
2005,https://www.espn.com/mens-college-basketball/boxscore/_/gameId/250550127
2005,https://www.espn.com/mens-college-basketball/boxscore/_/gameId/250580194
2005,https://www.espn.com/mens-college-basketball/boxscore/_/gameId/250600275
2005,https://www.espn.com/mens-college-basketball/boxscore/_/gameId/250640275
2005,https://www.espn.com/mens-college-basketball/boxscore/_/gameId/250700275
2005,https://www.espn.com/mens-college-basketball/boxscore/_/gameId/250710275
2005,https://www.espn.com/mens-college-basketball/boxscore/_/gameId/250720356
2006,https://www.espn.com/mens-college-basketball/boxscore/_/gameId/264000033
2006,https://www.espn.com/mens-college-basketball/boxscore/_/gameId/253220275
2006,https://www.espn.com/mens-college-basketball/boxscore/_/gameId/253230275
2006,https://www.espn.com/mens-college-basketball/boxscore/_/gameId/253250275
2006,https://www.espn.com/mens-college-basketball/boxscore/_/gameId/253300275
2006,https://www.espn.com/mens-college-basketball/boxscore/_/gameId/253330154
2006,https://www.espn.com/mens-college-basketball/boxscore/_/gameId/253370275
2006,https://www.espn.com/mens-college-basketball/boxscore/_/gameId/253410275
2006,https://www.espn.com/mens-college-basketball/boxscore/_/gameId/253440275
2006,https://www.espn.com/mens-college-basketball/boxscore/_/gameId/253460275
2006,https://www.espn.com/mens-college-basketball/boxscore/_/gameId/253490275
2006,https://www.espn.com/mens-college-basketball/boxscore/_/gameId/253620275
2006,https://www.espn.com/mens-college-basketball/boxscore/_/gameId/253650221
2006,https://www.espn.com/mens-college-basketball/boxscore/_/gameId/260050275
2006,https://www.espn.com/mens-college-basketball/boxscore/_/gameId/260080275
2006,https://www.espn.com/mens-college-basketball/boxscore/_/gameId/260100135
2006,https://www.espn.com/mens-college-basketball/boxscore/_/gameId/260140275
2006,https://www.espn.com/mens-college-basketball/boxscore/_/gameId/260180194
2006,https://www.espn.com/mens-college-basketball/boxscore/_/gameId/260210275
2006,https://www.espn.com/mens-college-basketball/boxscore/_/gameId/260250275
2006,https://www.espn.com/mens-college-basketball/boxscore/_/gameId/260280130
2006,https://www.espn.com/mens-college-basketball/boxscore/_/gameId/260310275
2006,https://www.espn.com/mens-college-basketball/boxscore/_/gameId/260352509
2006,https://www.espn.com/mens-college-basketball/boxscore/_/gameId/260390275
2006,https://www.espn.com/mens-college-basketball/boxscore/_/gameId/260420213
2006,https://www.espn.com/mens-college-basketball/boxscore/_/gameId/260460275
2006,https://www.espn.com/mens-college-basketball/boxscore/_/gameId/260540077
2006,https://www.espn.com/mens-college-basketball/boxscore/_/gameId/260570275
2006,https://www.espn.com/mens-college-basketball/boxscore/_/gameId/260610127
2006,https://www.espn.com/mens-college-basketball/boxscore/_/gameId/260632294
2006,https://www.espn.com/mens-college-basketball/boxscore/_/gameId/260690275
2007,https://www.espn.com/mens-college-basketball/boxscore/_/gameId/274000058
2007,https://www.espn.com/mens-college-basketball/boxscore/_/gameId/274000059
2007,https://www.espn.com/mens-college-basketball/boxscore/_/gameId/263160275
2007,https://www.espn.com/mens-college-basketball/boxscore/_/gameId/263190275
2007,https://www.espn.com/mens-college-basketball/boxscore/_/gameId/263230275
2007,https://www.espn.com/mens-college-basketball/boxscore/_/gameId/263250275
2007,https://www.espn.com/mens-college-basketball/boxscore/_/gameId/263282623
2007,https://www.espn.com/mens-college-basketball/boxscore/_/gameId/263290275
2007,https://www.espn.com/mens-college-basketball/boxscore/_/gameId/263320275
2007,https://www.espn.com/mens-college-basketball/boxscore/_/gameId/263360275
2007,https://www.espn.com/mens-college-basketball/boxscore/_/gameId/263380275
2007,https://www.espn.com/mens-college-basketball/boxscore/_/gameId/263430269
2007,https://www.espn.com/mens-college-basketball/boxscore/_/gameId/263470275
2007,https://www.espn.com/mens-college-basketball/boxscore/_/gameId/263500275
2007,https://www.espn.com/mens-college-basketball/boxscore/_/gameId/263570275
2007,https://www.espn.com/mens-college-basketball/boxscore/_/gameId/263610275
2007,https://www.espn.com/mens-college-basketball/boxscore/_/gameId/263650061
2007,https://www.espn.com/mens-college-basketball/boxscore/_/gameId/270060275
2007,https://www.espn.com/mens-college-basketball/boxscore/_/gameId/270090275
2007,https://www.espn.com/mens-college-basketball/boxscore/_/gameId/270130077
2007,https://www.espn.com/mens-college-basketball/boxscore/_/gameId/270170275
2007,https://www.espn.com/mens-college-basketball/boxscore/_/gameId/270200356
2007,https://www.espn.com/mens-college-basketball/boxscore/_/gameId/270240275
2007,https://www.espn.com/mens-college-basketball/boxscore/_/gameId/270282294
2007,https://www.espn.com/mens-college-basketball/boxscore/_/gameId/270310084
2007,https://www.espn.com/mens-college-basketball/boxscore/_/gameId/270340275
2007,https://www.espn.com/mens-college-basketball/boxscore/_/gameId/270380213
2007,https://www.espn.com/mens-college-basketball/boxscore/_/gameId/270410275
2007,https://www.espn.com/mens-college-basketball/boxscore/_/gameId/270450135
2007,https://www.espn.com/mens-college-basketball/boxscore/_/gameId/270480275
2007,https://www.espn.com/mens-college-basketball/boxscore/_/gameId/270510127
2007,https://www.espn.com/mens-college-basketball/boxscore/_/gameId/270560194
2007,https://www.espn.com/mens-college-basketball/boxscore/_/gameId/270620275
2007,https://www.espn.com/mens-college-basketball/boxscore/_/gameId/270680275
2007,https://www.espn.com/mens-college-basketball/boxscore/_/gameId/270690275
2007,https://www.espn.com/mens-college-basketball/boxscore/_/gameId/270700194
2008,https://www.espn.com/mens-college-basketball/boxscore/_/gameId/284000009
2008,https://www.espn.com/mens-college-basketball/boxscore/_/gameId/284000010
2008,https://www.espn.com/mens-college-basketball/boxscore/_/gameId/284000014
2008,https://www.espn.com/mens-college-basketball/boxscore/_/gameId/273150275
2008,https://www.espn.com/mens-college-basketball/boxscore/_/gameId/273190275
2008,https://www.espn.com/mens-college-basketball/boxscore/_/gameId/273200275
2008,https://www.espn.com/mens-college-basketball/boxscore/_/gameId/273210275
2008,https://www.espn.com/mens-college-basketball/boxscore/_/gameId/273280275
2008,https://www.espn.com/mens-college-basketball/boxscore/_/gameId/273310150
2008,https://www.espn.com/mens-college-basketball/boxscore/_/gameId/273370275
2008,https://www.espn.com/mens-college-basketball/boxscore/_/gameId/273420275
2008,https://www.espn.com/mens-college-basketball/boxscore/_/gameId/273460270
2008,https://www.espn.com/mens-college-basketball/boxscore/_/gameId/273490275
2008,https://www.espn.com/mens-college-basketball/boxscore/_/gameId/273560275
2008,https://www.espn.com/mens-college-basketball/boxscore/_/gameId/273630251
2008,https://www.espn.com/mens-college-basketball/boxscore/_/gameId/280020130
2008,https://www.espn.com/mens-college-basketball/boxscore/_/gameId/280050275
2008,https://www.espn.com/mens-college-basketball/boxscore/_/gameId/280100275
2008,https://www.espn.com/mens-college-basketball/boxscore/_/gameId/280150213
2008,https://www.espn.com/mens-college-basketball/boxscore/_/gameId/280190275
2008,https://www.espn.com/mens-college-basketball/boxscore/_/gameId/280220275
2008,https://www.espn.com/mens-college-basketball/boxscore/_/gameId/280262509
2008,https://www.espn.com/mens-college-basketball/boxscore/_/gameId/280310275
2008,https://www.espn.com/mens-college-basketball/boxscore/_/gameId/280340135
2008,https://www.espn.com/mens-college-basketball/boxscore/_/gameId/280372294
2008,https://www.espn.com/mens-college-basketball/boxscore/_/gameId/280400275
2008,https://www.espn.com/mens-college-basketball/boxscore/_/gameId/280440084
2008,https://www.espn.com/mens-college-basketball/boxscore/_/gameId/280470275
2008,https://www.espn.com/mens-college-basketball/boxscore/_/gameId/280510356
2008,https://www.espn.com/mens-college-basketball/boxscore/_/gameId/280550194
2008,https://www.espn.com/mens-college-basketball/boxscore/_/gameId/280590275
2008,https://www.espn.com/mens-college-basketball/boxscore/_/gameId/280650275
2008,https://www.espn.com/mens-college-basketball/boxscore/_/gameId/280680077
2008,https://www.espn.com/mens-college-basketball/boxscore/_/gameId/280740275
2008,https://www.espn.com/mens-college-basketball/boxscore/_/gameId/280750275
2008,https://www.espn.com/mens-college-basketball/boxscore/_/gameId/280760275
2009,https://www.espn.com/mens-college-basketball/boxscore/_/gameId/294000019
2009,https://www.espn.com/mens-college-basketball/boxscore/_/gameId/294000021
2009,https://www.espn.com/mens-college-basketball/boxscore/_/gameId/283210275
2009,https://www.espn.com/mens-college-basketball/boxscore/_/gameId/283230275
2009,https://www.espn.com/mens-college-basketball/boxscore/_/gameId/283260275
2009,https://www.espn.com/mens-college-basketball/boxscore/_/gameId/283280275
2009,https://www.espn.com/mens-college-basketball/boxscore/_/gameId/283290275
2009,https://www.espn.com/mens-college-basketball/boxscore/_/gameId/283340275
2009,https://www.espn.com/mens-college-basketball/boxscore/_/gameId/283360259
2009,https://www.espn.com/mens-college-basketball/boxscore/_/gameId/283410269
2009,https://www.espn.com/mens-college-basketball/boxscore/_/gameId/283440275
2009,https://www.espn.com/mens-college-basketball/boxscore/_/gameId/283480275
2009,https://www.espn.com/mens-college-basketball/boxscore/_/gameId/283550275
2009,https://www.espn.com/mens-college-basketball/boxscore/_/gameId/283580275
2009,https://www.espn.com/mens-college-basketball/boxscore/_/gameId/283660130
2009,https://www.espn.com/mens-college-basketball/boxscore/_/gameId/290030275
2009,https://www.espn.com/mens-college-basketball/boxscore/_/gameId/290070275
2009,https://www.espn.com/mens-college-basketball/boxscore/_/gameId/290112509
2009,https://www.espn.com/mens-college-basketball/boxscore/_/gameId/290150275
2009,https://www.espn.com/mens-college-basketball/boxscore/_/gameId/290212294
2009,https://www.espn.com/mens-college-basketball/boxscore/_/gameId/290240356
2009,https://www.espn.com/mens-college-basketball/boxscore/_/gameId/290270275
2009,https://www.espn.com/mens-college-basketball/boxscore/_/gameId/290310077
2009,https://www.espn.com/mens-college-basketball/boxscore/_/gameId/290360275
2009,https://www.espn.com/mens-college-basketball/boxscore/_/gameId/290390213
2009,https://www.espn.com/mens-college-basketball/boxscore/_/gameId/290420275
2009,https://www.espn.com/mens-college-basketball/boxscore/_/gameId/290450275
2009,https://www.espn.com/mens-college-basketball/boxscore/_/gameId/290500084
2009,https://www.espn.com/mens-college-basketball/boxscore/_/gameId/290530127
2009,https://www.espn.com/mens-college-basketball/boxscore/_/gameId/290600275
2009,https://www.espn.com/mens-college-basketball/boxscore/_/gameId/290630135
2009,https://www.espn.com/mens-college-basketball/boxscore/_/gameId/290680275
2009,https://www.espn.com/mens-college-basketball/boxscore/_/gameId/290720275
2010,https://www.espn.com/mens-college-basketball/boxscore/_/gameId/300780275
2010,https://www.espn.com/mens-college-basketball/boxscore/_/gameId/300800275
2010,https://www.espn.com/mens-college-basketball/boxscore/_/gameId/293200275
2010,https://www.espn.com/mens-college-basketball/boxscore/_/gameId/293230275
2010,https://www.espn.com/mens-college-basketball/boxscore/_/gameId/293270275
2010,https://www.espn.com/mens-college-basketball/boxscore/_/gameId/293280275
2010,https://www.espn.com/mens-college-basketball/boxscore/_/gameId/293290275
2010,https://www.espn.com/mens-college-basketball/boxscore/_/gameId/293360275
2010,https://www.espn.com/mens-college-basketball/boxscore/_/gameId/293400275
2010,https://www.espn.com/mens-college-basketball/boxscore/_/gameId/293432739
2010,https://www.espn.com/mens-college-basketball/boxscore/_/gameId/293460275
2010,https://www.espn.com/mens-college-basketball/boxscore/_/gameId/293510275
2010,https://www.espn.com/mens-college-basketball/boxscore/_/gameId/293580275
2010,https://www.espn.com/mens-college-basketball/boxscore/_/gameId/293620275
2010,https://www.espn.com/mens-college-basketball/boxscore/_/gameId/293650275
2010,https://www.espn.com/mens-college-basketball/boxscore/_/gameId/300030213
2010,https://www.espn.com/mens-college-basketball/boxscore/_/gameId/300060127
2010,https://www.espn.com/mens-college-basketball/boxscore/_/gameId/300090275
2010,https://www.espn.com/mens-college-basketball/boxscore/_/gameId/300130077
2010,https://www.espn.com/mens-college-basketball/boxscore/_/gameId/300160194
2010,https://www.espn.com/mens-college-basketball/boxscore/_/gameId/300200275
2010,https://www.espn.com/mens-college-basketball/boxscore/_/gameId/300240275
2010,https://www.espn.com/mens-college-basketball/boxscore/_/gameId/300282509
2010,https://www.espn.com/mens-college-basketball/boxscore/_/gameId/300330275
2010,https://www.espn.com/mens-college-basketball/boxscore/_/gameId/300370130
2010,https://www.espn.com/mens-college-basketball/boxscore/_/gameId/300400275
2010,https://www.espn.com/mens-college-basketball/boxscore/_/gameId/300440275
2010,https://www.espn.com/mens-college-basketball/boxscore/_/gameId/300490135
2010,https://www.espn.com/mens-college-basketball/boxscore/_/gameId/300520275
2010,https://www.espn.com/mens-college-basketball/boxscore/_/gameId/300560084
2010,https://www.espn.com/mens-college-basketball/boxscore/_/gameId/300620275
2010,https://www.espn.com/mens-college-basketball/boxscore/_/gameId/300650356
2010,https://www.espn.com/mens-college-basketball/boxscore/_/gameId/300710275
2011,https://www.espn.com/mens-college-basketball/boxscore/_/gameId/310760275
2011,https://www.espn.com/mens-college-basketball/boxscore/_/gameId/310780275
2011,https://www.espn.com/mens-college-basketball/boxscore/_/gameId/310830275
2011,https://www.espn.com/mens-college-basketball/boxscore/_/gameId/303180275
2011,https://www.espn.com/mens-college-basketball/boxscore/_/gameId/303200275
2011,https://www.espn.com/mens-college-basketball/boxscore/_/gameId/303242439
2011,https://www.espn.com/mens-college-basketball/boxscore/_/gameId/303292363
2011,https://www.espn.com/mens-college-basketball/boxscore/_/gameId/303300275
2011,https://www.espn.com/mens-college-basketball/boxscore/_/gameId/303320087
2011,https://www.espn.com/mens-college-basketball/boxscore/_/gameId/303350275
2011,https://www.espn.com/mens-college-basketball/boxscore/_/gameId/303380275
2011,https://www.espn.com/mens-college-basketball/boxscore/_/gameId/303420275
2011,https://www.espn.com/mens-college-basketball/boxscore/_/gameId/303450269
2011,https://www.espn.com/mens-college-basketball/boxscore/_/gameId/303470275
2011,https://www.espn.com/mens-college-basketball/boxscore/_/gameId/303570275
2011,https://www.espn.com/mens-college-basketball/boxscore/_/gameId/303620275
2011,https://www.espn.com/mens-college-basketball/boxscore/_/gameId/310020356
2011,https://www.espn.com/mens-college-basketball/boxscore/_/gameId/310050275
2011,https://www.espn.com/mens-college-basketball/boxscore/_/gameId/310110127
2011,https://www.espn.com/mens-college-basketball/boxscore/_/gameId/310150275
2011,https://www.espn.com/mens-college-basketball/boxscore/_/gameId/310200275
2011,https://www.espn.com/mens-college-basketball/boxscore/_/gameId/310230077
2011,https://www.espn.com/mens-college-basketball/boxscore/_/gameId/310290213
2011,https://www.espn.com/mens-college-basketball/boxscore/_/gameId/310320275
2011,https://www.espn.com/mens-college-basketball/boxscore/_/gameId/310370275
2011,https://www.espn.com/mens-college-basketball/boxscore/_/gameId/310402294
2011,https://www.espn.com/mens-college-basketball/boxscore/_/gameId/310430275
2011,https://www.espn.com/mens-college-basketball/boxscore/_/gameId/310472509
2011,https://www.espn.com/mens-college-basketball/boxscore/_/gameId/310510275
2011,https://www.espn.com/mens-college-basketball/boxscore/_/gameId/310540130
2011,https://www.espn.com/mens-college-basketball/boxscore/_/gameId/310580275
2011,https://www.espn.com/mens-college-basketball/boxscore/_/gameId/310610084
2011,https://www.espn.com/mens-college-basketball/boxscore/_/gameId/310650194
2011,https://www.espn.com/mens-college-basketball/boxscore/_/gameId/310700275
2012,https://www.espn.com/mens-college-basketball/boxscore/_/gameId/320750275
2012,https://www.espn.com/mens-college-basketball/boxscore/_/gameId/320770275
2012,https://www.espn.com/mens-college-basketball/boxscore/_/gameId/320820183
2012,https://www.espn.com/mens-college-basketball/boxscore/_/gameId/313160275
2012,https://www.espn.com/mens-college-basketball/boxscore/_/gameId/313200275
2012,https://www.espn.com/mens-college-basketball/boxscore/_/gameId/313230275
2012,https://www.espn.com/mens-college-basketball/boxscore/_/gameId/313260275
2012,https://www.espn.com/mens-college-basketball/boxscore/_/gameId/313290275
2012,https://www.espn.com/mens-college-basketball/boxscore/_/gameId/313300252
2012,https://www.espn.com/mens-college-basketball/boxscore/_/gameId/313340153
2012,https://www.espn.com/mens-college-basketball/boxscore/_/gameId/313370275
2012,https://www.espn.com/mens-college-basketball/boxscore/_/gameId/313410275
2012,https://www.espn.com/mens-college-basketball/boxscore/_/gameId/313440275
2012,https://www.espn.com/mens-college-basketball/boxscore/_/gameId/313470270
2012,https://www.espn.com/mens-college-basketball/boxscore/_/gameId/313490275
2012,https://www.espn.com/mens-college-basketball/boxscore/_/gameId/313570275
2012,https://www.espn.com/mens-college-basketball/boxscore/_/gameId/313610158
2012,https://www.espn.com/mens-college-basketball/boxscore/_/gameId/313650275
2012,https://www.espn.com/mens-college-basketball/boxscore/_/gameId/320030275
2012,https://www.espn.com/mens-college-basketball/boxscore/_/gameId/320080130
2012,https://www.espn.com/mens-college-basketball/boxscore/_/gameId/320122509
2012,https://www.espn.com/mens-college-basketball/boxscore/_/gameId/320150275
2012,https://www.espn.com/mens-college-basketball/boxscore/_/gameId/320180275
2012,https://www.espn.com/mens-college-basketball/boxscore/_/gameId/320220356
2012,https://www.espn.com/mens-college-basketball/boxscore/_/gameId/320260275
2012,https://www.espn.com/mens-college-basketball/boxscore/_/gameId/320310213
2012,https://www.espn.com/mens-college-basketball/boxscore/_/gameId/320350275
2012,https://www.espn.com/mens-college-basketball/boxscore/_/gameId/320400135
2012,https://www.espn.com/mens-college-basketball/boxscore/_/gameId/320470127
2012,https://www.espn.com/mens-college-basketball/boxscore/_/gameId/320500275
2012,https://www.espn.com/mens-college-basketball/boxscore/_/gameId/320542294
2012,https://www.espn.com/mens-college-basketball/boxscore/_/gameId/320570194
2012,https://www.espn.com/mens-college-basketball/boxscore/_/gameId/320590275
2012,https://www.espn.com/mens-college-basketball/boxscore/_/gameId/320640275
2012,https://www.espn.com/mens-college-basketball/boxscore/_/gameId/320690275
2012,https://www.espn.com/mens-college-basketball/boxscore/_/gameId/320700127
2013,https://www.espn.com/mens-college-basketball/boxscore/_/gameId/330810275
2013,https://www.espn.com/mens-college-basketball/boxscore/_/gameId/323160275
2013,https://www.espn.com/mens-college-basketball/boxscore/_/gameId/323190057
2013,https://www.espn.com/mens-college-basketball/boxscore/_/gameId/323230275
2013,https://www.espn.com/mens-college-basketball/boxscore/_/gameId/323250275
2013,https://www.espn.com/mens-college-basketball/boxscore/_/gameId/323280156
2013,https://www.espn.com/mens-college-basketball/boxscore/_/gameId/323290008
2013,https://www.espn.com/mens-college-basketball/boxscore/_/gameId/323330275
2013,https://www.espn.com/mens-college-basketball/boxscore/_/gameId/323370275
2013,https://www.espn.com/mens-college-basketball/boxscore/_/gameId/323390275
2013,https://www.espn.com/mens-college-basketball/boxscore/_/gameId/323430269
2013,https://www.espn.com/mens-college-basketball/boxscore/_/gameId/323470275
2013,https://www.espn.com/mens-college-basketball/boxscore/_/gameId/323570275
2013,https://www.espn.com/mens-college-basketball/boxscore/_/gameId/323640275
2013,https://www.espn.com/mens-college-basketball/boxscore/_/gameId/330030275
2013,https://www.espn.com/mens-college-basketball/boxscore/_/gameId/330060158
2013,https://www.espn.com/mens-college-basketball/boxscore/_/gameId/330120275
2013,https://www.espn.com/mens-college-basketball/boxscore/_/gameId/330150084
2013,https://www.espn.com/mens-college-basketball/boxscore/_/gameId/330192294
2013,https://www.espn.com/mens-college-basketball/boxscore/_/gameId/330220275
2013,https://www.espn.com/mens-college-basketball/boxscore/_/gameId/330260275
2013,https://www.espn.com/mens-college-basketball/boxscore/_/gameId/330290194
2013,https://www.espn.com/mens-college-basketball/boxscore/_/gameId/330340356
2013,https://www.espn.com/mens-college-basketball/boxscore/_/gameId/330370275
2013,https://www.espn.com/mens-college-basketball/boxscore/_/gameId/330400275
2013,https://www.espn.com/mens-college-basketball/boxscore/_/gameId/330450135
2013,https://www.espn.com/mens-college-basketball/boxscore/_/gameId/330480275
2013,https://www.espn.com/mens-college-basketball/boxscore/_/gameId/330510077
2013,https://www.espn.com/mens-college-basketball/boxscore/_/gameId/330570275
2013,https://www.espn.com/mens-college-basketball/boxscore/_/gameId/330620275
2013,https://www.espn.com/mens-college-basketball/boxscore/_/gameId/330660127
2013,https://www.espn.com/mens-college-basketball/boxscore/_/gameId/330690213
2013,https://www.espn.com/mens-college-basketball/boxscore/_/gameId/330740275
2013,https://www.espn.com/mens-college-basketball/boxscore/_/gameId/330750084
2013,https://www.espn.com/mens-college-basketball/boxscore/_/gameId/330760194
2014,https://www.espn.com/mens-college-basketball/boxscore/_/gameId/400546924
2014,https://www.espn.com/mens-college-basketball/boxscore/_/gameId/400548468
2014,https://www.espn.com/mens-college-basketball/boxscore/_/gameId/400548897
2014,https://www.espn.com/mens-college-basketball/boxscore/_/gameId/400549675
2014,https://www.espn.com/mens-college-basketball/boxscore/_/gameId/400549978
2014,https://www.espn.com/mens-college-basketball/boxscore/_/gameId/400504457
2014,https://www.espn.com/mens-college-basketball/boxscore/_/gameId/400506312
2014,https://www.espn.com/mens-college-basketball/boxscore/_/gameId/400507069
2014,https://www.espn.com/mens-college-basketball/boxscore/_/gameId/400498041
2014,https://www.espn.com/mens-college-basketball/boxscore/_/gameId/400507657
2014,https://www.espn.com/mens-college-basketball/boxscore/_/gameId/400503891
2014,https://www.espn.com/mens-college-basketball/boxscore/_/gameId/400506218
2014,https://www.espn.com/mens-college-basketball/boxscore/_/gameId/400519599
2014,https://www.espn.com/mens-college-basketball/boxscore/_/gameId/400502717
2014,https://www.espn.com/mens-college-basketball/boxscore/_/gameId/400504488
2014,https://www.espn.com/mens-college-basketball/boxscore/_/gameId/400507093
2014,https://www.espn.com/mens-college-basketball/boxscore/_/gameId/400503123
2014,https://www.espn.com/mens-college-basketball/boxscore/_/gameId/400509958
2014,https://www.espn.com/mens-college-basketball/boxscore/_/gameId/400509964
2014,https://www.espn.com/mens-college-basketball/boxscore/_/gameId/400509968
2014,https://www.espn.com/mens-college-basketball/boxscore/_/gameId/400509973
2014,https://www.espn.com/mens-college-basketball/boxscore/_/gameId/400509981
2014,https://www.espn.com/mens-college-basketball/boxscore/_/gameId/400509987
2014,https://www.espn.com/mens-college-basketball/boxscore/_/gameId/400509995
2014,https://www.espn.com/mens-college-basketball/boxscore/_/gameId/400509999
2014,https://www.espn.com/mens-college-basketball/boxscore/_/gameId/400510005
2014,https://www.espn.com/mens-college-basketball/boxscore/_/gameId/400510008
2014,https://www.espn.com/mens-college-basketball/boxscore/_/gameId/400510014
2014,https://www.espn.com/mens-college-basketball/boxscore/_/gameId/400510022
2014,https://www.espn.com/mens-college-basketball/boxscore/_/gameId/400510028
2014,https://www.espn.com/mens-college-basketball/boxscore/_/gameId/400510032
2014,https://www.espn.com/mens-college-basketball/boxscore/_/gameId/400510040
2014,https://www.espn.com/mens-college-basketball/boxscore/_/gameId/400510046
2014,https://www.espn.com/mens-college-basketball/boxscore/_/gameId/400510054
2014,https://www.espn.com/mens-college-basketball/boxscore/_/gameId/400510058
2014,https://www.espn.com/mens-college-basketball/boxscore/_/gameId/400510066
2014,https://www.espn.com/mens-college-basketball/boxscore/_/gameId/400546394
2014,https://www.espn.com/mens-college-basketball/boxscore/_/gameId/400546621
2015,https://www.espn.com/mens-college-basketball/boxscore/_/gameId/400785455
2015,https://www.espn.com/mens-college-basketball/boxscore/_/gameId/400786326
2015,https://www.espn.com/mens-college-basketball/boxscore/_/gameId/400786512
2015,https://www.espn.com/mens-college-basketball/boxscore/_/gameId/400787578
2015,https://www.espn.com/mens-college-basketball/boxscore/_/gameId/400787769
2015,https://www.espn.com/mens-college-basketball/boxscore/_/gameId/400788981
2015,https://www.espn.com/mens-college-basketball/boxscore/_/gameId/400588633
2015,https://www.espn.com/mens-college-basketball/boxscore/_/gameId/400589076
2015,https://www.espn.com/mens-college-basketball/boxscore/_/gameId/400595369
2015,https://www.espn.com/mens-college-basketball/boxscore/_/gameId/400591567
2015,https://www.espn.com/mens-college-basketball/boxscore/_/gameId/400591368
2015,https://www.espn.com/mens-college-basketball/boxscore/_/gameId/400608870
2015,https://www.espn.com/mens-college-basketball/boxscore/_/gameId/400608898
2015,https://www.espn.com/mens-college-basketball/boxscore/_/gameId/400587822
2015,https://www.espn.com/mens-college-basketball/boxscore/_/gameId/400588356
2015,https://www.espn.com/mens-college-basketball/boxscore/_/gameId/400595405
2015,https://www.espn.com/mens-college-basketball/boxscore/_/gameId/400595409
2015,https://www.espn.com/mens-college-basketball/boxscore/_/gameId/400593229
2015,https://www.espn.com/mens-college-basketball/boxscore/_/gameId/400587471
2015,https://www.espn.com/mens-college-basketball/boxscore/_/gameId/400595440
2015,https://www.espn.com/mens-college-basketball/boxscore/_/gameId/400595445
2015,https://www.espn.com/mens-college-basketball/boxscore/_/gameId/400595450
2015,https://www.espn.com/mens-college-basketball/boxscore/_/gameId/400595459
2015,https://www.espn.com/mens-college-basketball/boxscore/_/gameId/400595465
2015,https://www.espn.com/mens-college-basketball/boxscore/_/gameId/400595474
2015,https://www.espn.com/mens-college-basketball/boxscore/_/gameId/400595482
2015,https://www.espn.com/mens-college-basketball/boxscore/_/gameId/400595491
2015,https://www.espn.com/mens-college-basketball/boxscore/_/gameId/400595497
2015,https://www.espn.com/mens-college-basketball/boxscore/_/gameId/400595506
2015,https://www.espn.com/mens-college-basketball/boxscore/_/gameId/400595511
2015,https://www.espn.com/mens-college-basketball/boxscore/_/gameId/400595519
2015,https://www.espn.com/mens-college-basketball/boxscore/_/gameId/400595524
2015,https://www.espn.com/mens-college-basketball/boxscore/_/gameId/400595529
2015,https://www.espn.com/mens-college-basketball/boxscore/_/gameId/400595535
2015,https://www.espn.com/mens-college-basketball/boxscore/_/gameId/400595544
2015,https://www.espn.com/mens-college-basketball/boxscore/_/gameId/400595552
2015,https://www.espn.com/mens-college-basketball/boxscore/_/gameId/400595557
2015,https://www.espn.com/mens-college-basketball/boxscore/_/gameId/400784915
2015,https://www.espn.com/mens-college-basketball/boxscore/_/gameId/400785059
2015,https://www.espn.com/mens-college-basketball/boxscore/_/gameId/400785257
2016,https://www.espn.com/mens-college-basketball/boxscore/_/gameId/400871282
2016,https://www.espn.com/mens-college-basketball/boxscore/_/gameId/400872259
2016,https://www.espn.com/mens-college-basketball/boxscore/_/gameId/400872394
2016,https://www.espn.com/mens-college-basketball/boxscore/_/gameId/400841778
2016,https://www.espn.com/mens-college-basketball/boxscore/_/gameId/400818728
2016,https://www.espn.com/mens-college-basketball/boxscore/_/gameId/400820686
2016,https://www.espn.com/mens-college-basketball/boxscore/_/gameId/400827727
2016,https://www.espn.com/mens-college-basketball/boxscore/_/gameId/400853326
2016,https://www.espn.com/mens-college-basketball/boxscore/_/gameId/400818729
2016,https://www.espn.com/mens-college-basketball/boxscore/_/gameId/400816972
2016,https://www.espn.com/mens-college-basketball/boxscore/_/gameId/400809411
2016,https://www.espn.com/mens-college-basketball/boxscore/_/gameId/400825569
2016,https://www.espn.com/mens-college-basketball/boxscore/_/gameId/400841779
2016,https://www.espn.com/mens-college-basketball/boxscore/_/gameId/400827761
2016,https://www.espn.com/mens-college-basketball/boxscore/_/gameId/400841780
2016,https://www.espn.com/mens-college-basketball/boxscore/_/gameId/400841781
2016,https://www.espn.com/mens-college-basketball/boxscore/_/gameId/400841777
2016,https://www.espn.com/mens-college-basketball/boxscore/_/gameId/400841082
2016,https://www.espn.com/mens-college-basketball/boxscore/_/gameId/400839286
2016,https://www.espn.com/mens-college-basketball/boxscore/_/gameId/400839365
2016,https://www.espn.com/mens-college-basketball/boxscore/_/gameId/400839397
2016,https://www.espn.com/mens-college-basketball/boxscore/_/gameId/400839323
2016,https://www.espn.com/mens-college-basketball/boxscore/_/gameId/400841193
2016,https://www.espn.com/mens-college-basketball/boxscore/_/gameId/400839290
2016,https://www.espn.com/mens-college-basketball/boxscore/_/gameId/400839265
2016,https://www.espn.com/mens-college-basketball/boxscore/_/gameId/400839406
2016,https://www.espn.com/mens-college-basketball/boxscore/_/gameId/400839389
2016,https://www.espn.com/mens-college-basketball/boxscore/_/gameId/400839372
2016,https://www.espn.com/mens-college-basketball/boxscore/_/gameId/400839330
2016,https://www.espn.com/mens-college-basketball/boxscore/_/gameId/400839270
2016,https://www.espn.com/mens-college-basketball/boxscore/_/gameId/400839312
2016,https://www.espn.com/mens-college-basketball/boxscore/_/gameId/400839383
2016,https://www.espn.com/mens-college-basketball/boxscore/_/gameId/400839360
2016,https://www.espn.com/mens-college-basketball/boxscore/_/gameId/400866953
2016,https://www.espn.com/mens-college-basketball/boxscore/_/gameId/400870733
2017,https://www.espn.com/mens-college-basketball/boxscore/_/gameId/400946427
2017,https://www.espn.com/mens-college-basketball/boxscore/_/gameId/400947025
2017,https://www.espn.com/mens-college-basketball/boxscore/_/gameId/400947266
2017,https://www.espn.com/mens-college-basketball/boxscore/_/gameId/400914921
2017,https://www.espn.com/mens-college-basketball/boxscore/_/gameId/400914922
2017,https://www.espn.com/mens-college-basketball/boxscore/_/gameId/400914923
2017,https://www.espn.com/mens-college-basketball/boxscore/_/gameId/400910794
2017,https://www.espn.com/mens-college-basketball/boxscore/_/gameId/400926704
2017,https://www.espn.com/mens-college-basketball/boxscore/_/gameId/400926707
2017,https://www.espn.com/mens-college-basketball/boxscore/_/gameId/400914924
2017,https://www.espn.com/mens-college-basketball/boxscore/_/gameId/400914925
2017,https://www.espn.com/mens-college-basketball/boxscore/_/gameId/400914926
2017,https://www.espn.com/mens-college-basketball/boxscore/_/gameId/400914927
2017,https://www.espn.com/mens-college-basketball/boxscore/_/gameId/400914928
2017,https://www.espn.com/mens-college-basketball/boxscore/_/gameId/400914929
2017,https://www.espn.com/mens-college-basketball/boxscore/_/gameId/400914930
2017,https://www.espn.com/mens-college-basketball/boxscore/_/gameId/400914931
2017,https://www.espn.com/mens-college-basketball/boxscore/_/gameId/400914932
2017,https://www.espn.com/mens-college-basketball/boxscore/_/gameId/400914933
2017,https://www.espn.com/mens-college-basketball/boxscore/_/gameId/400914934
2017,https://www.espn.com/mens-college-basketball/boxscore/_/gameId/400914935
2017,https://www.espn.com/mens-college-basketball/boxscore/_/gameId/400914936
2017,https://www.espn.com/mens-college-basketball/boxscore/_/gameId/400914937
2017,https://www.espn.com/mens-college-basketball/boxscore/_/gameId/400914938
2017,https://www.espn.com/mens-college-basketball/boxscore/_/gameId/400914939
2017,https://www.espn.com/mens-college-basketball/boxscore/_/gameId/400914940
2017,https://www.espn.com/mens-college-basketball/boxscore/_/gameId/400914941
2017,https://www.espn.com/mens-college-basketball/boxscore/_/gameId/400914942
2017,https://www.espn.com/mens-college-basketball/boxscore/_/gameId/400914943
2017,https://www.espn.com/mens-college-basketball/boxscore/_/gameId/400914944
2017,https://www.espn.com/mens-college-basketball/boxscore/_/gameId/400914945
2017,https://www.espn.com/mens-college-basketball/boxscore/_/gameId/400914946
2017,https://www.espn.com/mens-college-basketball/boxscore/_/gameId/400914947
2017,https://www.espn.com/mens-college-basketball/boxscore/_/gameId/400914948
2017,https://www.espn.com/mens-college-basketball/boxscore/_/gameId/400945803
2017,https://www.espn.com/mens-college-basketball/boxscore/_/gameId/400946218
2017,https://www.espn.com/mens-college-basketball/boxscore/_/gameId/400946284
2018,https://www.espn.com/mens-college-basketball/boxscore/_/gameId/400986331
2018,https://www.espn.com/mens-college-basketball/boxscore/_/gameId/400986342
2018,https://www.espn.com/mens-college-basketball/boxscore/_/gameId/400986358
2018,https://www.espn.com/mens-college-basketball/boxscore/_/gameId/400986375
2018,https://www.espn.com/mens-college-basketball/boxscore/_/gameId/401000132
2018,https://www.espn.com/mens-college-basketball/boxscore/_/gameId/400986391
2018,https://www.espn.com/mens-college-basketball/boxscore/_/gameId/400986096
2018,https://www.espn.com/mens-college-basketball/boxscore/_/gameId/400986397
2018,https://www.espn.com/mens-college-basketball/boxscore/_/gameId/400986403
2018,https://www.espn.com/mens-college-basketball/boxscore/_/gameId/400986408
2018,https://www.espn.com/mens-college-basketball/boxscore/_/gameId/400986422
2018,https://www.espn.com/mens-college-basketball/boxscore/_/gameId/400986432
2018,https://www.espn.com/mens-college-basketball/boxscore/_/gameId/400986464
2018,https://www.espn.com/mens-college-basketball/boxscore/_/gameId/400986465
2018,https://www.espn.com/mens-college-basketball/boxscore/_/gameId/400986479
2018,https://www.espn.com/mens-college-basketball/boxscore/_/gameId/400986481
2018,https://www.espn.com/mens-college-basketball/boxscore/_/gameId/400986489
2018,https://www.espn.com/mens-college-basketball/boxscore/_/gameId/400986496
2018,https://www.espn.com/mens-college-basketball/boxscore/_/gameId/400986511
2018,https://www.espn.com/mens-college-basketball/boxscore/_/gameId/400986516
2018,https://www.espn.com/mens-college-basketball/boxscore/_/gameId/400986525
2018,https://www.espn.com/mens-college-basketball/boxscore/_/gameId/400986531
2018,https://www.espn.com/mens-college-basketball/boxscore/_/gameId/400986537
2018,https://www.espn.com/mens-college-basketball/boxscore/_/gameId/400986543
2018,https://www.espn.com/mens-college-basketball/boxscore/_/gameId/400986548
2018,https://www.espn.com/mens-college-basketball/boxscore/_/gameId/400986556
2018,https://www.espn.com/mens-college-basketball/boxscore/_/gameId/400986562
2018,https://www.espn.com/mens-college-basketball/boxscore/_/gameId/400986569
2018,https://www.espn.com/mens-college-basketball/boxscore/_/gameId/400986577
2018,https://www.espn.com/mens-college-basketball/boxscore/_/gameId/400986584
2018,https://www.espn.com/mens-college-basketball/boxscore/_/gameId/400986589
2018,https://www.espn.com/mens-college-basketball/boxscore/_/gameId/401020032
2018,https://www.espn.com/mens-college-basketball/boxscore/_/gameId/401020036
2019,https://www.espn.com/mens-college-basketball/boxscore/_/gameId/401123410
2019,https://www.espn.com/mens-college-basketball/boxscore/_/gameId/401082602
2019,https://www.espn.com/mens-college-basketball/boxscore/_/gameId/401082603
2019,https://www.espn.com/mens-college-basketball/boxscore/_/gameId/401082604
2019,https://www.espn.com/mens-college-basketball/boxscore/_/gameId/401082605
2019,https://www.espn.com/mens-college-basketball/boxscore/_/gameId/401096928
2019,https://www.espn.com/mens-college-basketball/boxscore/_/gameId/401096935
2019,https://www.espn.com/mens-college-basketball/boxscore/_/gameId/401082606
2019,https://www.espn.com/mens-college-basketball/boxscore/_/gameId/401082396
2019,https://www.espn.com/mens-college-basketball/boxscore/_/gameId/401082597
2019,https://www.espn.com/mens-college-basketball/boxscore/_/gameId/401082607
2019,https://www.espn.com/mens-college-basketball/boxscore/_/gameId/401082608
2019,https://www.espn.com/mens-college-basketball/boxscore/_/gameId/401082609
2019,https://www.espn.com/mens-college-basketball/boxscore/_/gameId/401082610
2019,https://www.espn.com/mens-college-basketball/boxscore/_/gameId/401082503
2019,https://www.espn.com/mens-college-basketball/boxscore/_/gameId/401082574
2019,https://www.espn.com/mens-college-basketball/boxscore/_/gameId/401082589
2019,https://www.espn.com/mens-college-basketball/boxscore/_/gameId/401082434
2019,https://www.espn.com/mens-college-basketball/boxscore/_/gameId/401082460
2019,https://www.espn.com/mens-college-basketball/boxscore/_/gameId/401082349
2019,https://www.espn.com/mens-college-basketball/boxscore/_/gameId/401082540
2019,https://www.espn.com/mens-college-basketball/boxscore/_/gameId/401082525
2019,https://www.espn.com/mens-college-basketball/boxscore/_/gameId/401082438
2019,https://www.espn.com/mens-college-basketball/boxscore/_/gameId/401082507
2019,https://www.espn.com/mens-college-basketball/boxscore/_/gameId/401082464
2019,https://www.espn.com/mens-college-basketball/boxscore/_/gameId/401082488
2019,https://www.espn.com/mens-college-basketball/boxscore/_/gameId/401082356
2019,https://www.espn.com/mens-college-basketball/boxscore/_/gameId/401082544
2019,https://www.espn.com/mens-college-basketball/boxscore/_/gameId/401082388
2019,https://www.espn.com/mens-college-basketball/boxscore/_/gameId/401082578
2019,https://www.espn.com/mens-college-basketball/boxscore/_/gameId/401082416
2019,https://www.espn.com/mens-college-basketball/boxscore/_/gameId/401082563
2019,https://www.espn.com/mens-college-basketball/boxscore/_/gameId/401120734
2019,https://www.espn.com/mens-college-basketball/boxscore/_/gameId/401120737
2020,https://www.espn.com/mens-college-basketball/boxscore/_/gameId/401175202
2020,https://www.espn.com/mens-college-basketball/boxscore/_/gameId/401166026
2020,https://www.espn.com/mens-college-basketball/boxscore/_/gameId/401166065
2020,https://www.espn.com/mens-college-basketball/boxscore/_/gameId/401166074
2020,https://www.espn.com/mens-college-basketball/boxscore/_/gameId/401166085
2020,https://www.espn.com/mens-college-basketball/boxscore/_/gameId/401170147
2020,https://www.espn.com/mens-college-basketball/boxscore/_/gameId/401183492
2020,https://www.espn.com/mens-college-basketball/boxscore/_/gameId/401168619
2020,https://www.espn.com/mens-college-basketball/boxscore/_/gameId/401166106
2020,https://www.espn.com/mens-college-basketball/boxscore/_/gameId/401166112
2020,https://www.espn.com/mens-college-basketball/boxscore/_/gameId/401166127
2020,https://www.espn.com/mens-college-basketball/boxscore/_/gameId/401169910
2020,https://www.espn.com/mens-college-basketball/boxscore/_/gameId/401166144
2020,https://www.espn.com/mens-college-basketball/boxscore/_/gameId/401166148
2020,https://www.espn.com/mens-college-basketball/boxscore/_/gameId/401166158
2020,https://www.espn.com/mens-college-basketball/boxscore/_/gameId/401166165
2020,https://www.espn.com/mens-college-basketball/boxscore/_/gameId/401166170
2020,https://www.espn.com/mens-college-basketball/boxscore/_/gameId/401166174
2020,https://www.espn.com/mens-college-basketball/boxscore/_/gameId/401166182
2020,https://www.espn.com/mens-college-basketball/boxscore/_/gameId/401166187
2020,https://www.espn.com/mens-college-basketball/boxscore/_/gameId/401166193
2020,https://www.espn.com/mens-college-basketball/boxscore/_/gameId/401166204
2020,https://www.espn.com/mens-college-basketball/boxscore/_/gameId/401166209
2020,https://www.espn.com/mens-college-basketball/boxscore/_/gameId/401166217
2020,https://www.espn.com/mens-college-basketball/boxscore/_/gameId/401166225
2020,https://www.espn.com/mens-college-basketball/boxscore/_/gameId/401166233
2020,https://www.espn.com/mens-college-basketball/boxscore/_/gameId/401166242
2020,https://www.espn.com/mens-college-basketball/boxscore/_/gameId/401166247
2020,https://www.espn.com/mens-college-basketball/boxscore/_/gameId/401166256
2020,https://www.espn.com/mens-college-basketball/boxscore/_/gameId/401166261
2020,https://www.espn.com/mens-college-basketball/boxscore/_/gameId/401166264
2021,https://www.espn.com/mens-college-basketball/boxscore/_/gameId/401310911
2021,https://www.espn.com/mens-college-basketball/boxscore/_/gameId/401310882
2021,https://www.espn.com/mens-college-basketball/boxscore/_/gameId/401259032
2021,https://www.espn.com/mens-college-basketball/boxscore/_/gameId/401263459
2021,https://www.espn.com/mens-college-basketball/boxscore/_/gameId/401263460
2021,https://www.espn.com/mens-college-basketball/boxscore/_/gameId/401255012
2021,https://www.espn.com/mens-college-basketball/boxscore/_/gameId/401268090
2021,https://www.espn.com/mens-college-basketball/boxscore/_/gameId/401269392
2021,https://www.espn.com/mens-college-basketball/boxscore/_/gameId/401269680
2021,https://www.espn.com/mens-college-basketball/boxscore/_/gameId/401263330
2021,https://www.espn.com/mens-college-basketball/boxscore/_/gameId/401263335
2021,https://www.espn.com/mens-college-basketball/boxscore/_/gameId/401263342
2021,https://www.espn.com/mens-college-basketball/boxscore/_/gameId/401263348
2021,https://www.espn.com/mens-college-basketball/boxscore/_/gameId/401263430
2021,https://www.espn.com/mens-college-basketball/boxscore/_/gameId/401263393
2021,https://www.espn.com/mens-college-basketball/boxscore/_/gameId/401263397
2021,https://www.espn.com/mens-college-basketball/boxscore/_/gameId/401263415
2021,https://www.espn.com/mens-college-basketball/boxscore/_/gameId/401263411
2021,https://www.espn.com/mens-college-basketball/boxscore/_/gameId/401263313
2021,https://www.espn.com/mens-college-basketball/boxscore/_/gameId/401276828
2021,https://www.espn.com/mens-college-basketball/boxscore/_/gameId/401263367
2021,https://www.espn.com/mens-college-basketball/boxscore/_/gameId/401263386
2021,https://www.espn.com/mens-college-basketball/boxscore/_/gameId/401263353
2021,https://www.espn.com/mens-college-basketball/boxscore/_/gameId/401263359
2021,https://www.espn.com/mens-college-basketball/boxscore/_/gameId/401263364
2021,https://www.espn.com/mens-college-basketball/boxscore/_/gameId/401263372
2021,https://www.espn.com/mens-college-basketball/boxscore/_/gameId/401263378
2021,https://www.espn.com/mens-college-basketball/boxscore/_/gameId/401263433
2021,https://www.espn.com/mens-college-basketball/boxscore/_/gameId/401263324
2021,https://www.espn.com/mens-college-basketball/boxscore/_/gameId/401296413
2021,https://www.espn.com/mens-college-basketball/boxscore/_/gameId/401296353
2022,https://www.espn.com/mens-college-basketball/boxscore/_/gameId/401408594
2022,https://www.espn.com/mens-college-basketball/boxscore/_/gameId/401408617
2022,https://www.espn.com/mens-college-basketball/boxscore/_/gameId/401372172
2022,https://www.espn.com/mens-college-basketball/boxscore/_/gameId/401372173
2022,https://www.espn.com/mens-college-basketball/boxscore/_/gameId/401372007
2022,https://www.espn.com/mens-college-basketball/boxscore/_/gameId/401369810
2022,https://www.espn.com/mens-college-basketball/boxscore/_/gameId/401376724
2022,https://www.espn.com/mens-college-basketball/boxscore/_/gameId/401376728
2022,https://www.espn.com/mens-college-basketball/boxscore/_/gameId/401369894
2022,https://www.espn.com/mens-college-basketball/boxscore/_/gameId/401372004
2022,https://www.espn.com/mens-college-basketball/boxscore/_/gameId/401364349
2022,https://www.espn.com/mens-college-basketball/boxscore/_/gameId/401364354
2022,https://www.espn.com/mens-college-basketball/boxscore/_/gameId/401372174
2022,https://www.espn.com/mens-college-basketball/boxscore/_/gameId/401372176
2022,https://www.espn.com/mens-college-basketball/boxscore/_/gameId/401364360
2022,https://www.espn.com/mens-college-basketball/boxscore/_/gameId/401364364
2022,https://www.espn.com/mens-college-basketball/boxscore/_/gameId/401364372
2022,https://www.espn.com/mens-college-basketball/boxscore/_/gameId/401364379
2022,https://www.espn.com/mens-college-basketball/boxscore/_/gameId/401364389
2022,https://www.espn.com/mens-college-basketball/boxscore/_/gameId/401364394
2022,https://www.espn.com/mens-college-basketball/boxscore/_/gameId/401364402
2022,https://www.espn.com/mens-college-basketball/boxscore/_/gameId/401364411
2022,https://www.espn.com/mens-college-basketball/boxscore/_/gameId/401364418
2022,https://www.espn.com/mens-college-basketball/boxscore/_/gameId/401364424
2022,https://www.espn.com/mens-college-basketball/boxscore/_/gameId/401364429
2022,https://www.espn.com/mens-college-basketball/boxscore/_/gameId/401364437
2022,https://www.espn.com/mens-college-basketball/boxscore/_/gameId/401364443
2022,https://www.espn.com/mens-college-basketball/boxscore/_/gameId/401364451
2022,https://www.espn.com/mens-college-basketball/boxscore/_/gameId/401364457
2022,https://www.espn.com/mens-college-basketball/boxscore/_/gameId/401364463
2022,https://www.espn.com/mens-college-basketball/boxscore/_/gameId/401364469
2022,https://www.espn.com/mens-college-basketball/boxscore/_/gameId/401364480
2022,https://www.espn.com/mens-college-basketball/boxscore/_/gameId/401403403
2023,https://www.espn.com/mens-college-basketball/boxscore/_/gameId/401526873
2023,https://www.espn.com/mens-college-basketball/boxscore/_/gameId/401526913
2023,https://www.espn.com/mens-college-basketball/boxscore/_/gameId/401526916
2023,https://www.espn.com/mens-college-basketball/boxscore/_/gameId/401526930
2023,https://www.espn.com/mens-college-basketball/boxscore/_/gameId/401483420
2023,https://www.espn.com/mens-college-basketball/boxscore/_/gameId/401483421
2023,https://www.espn.com/mens-college-basketball/boxscore/_/gameId/401483422
2023,https://www.espn.com/mens-college-basketball/boxscore/_/gameId/401483423
2023,https://www.espn.com/mens-college-basketball/boxscore/_/gameId/401486720
2023,https://www.espn.com/mens-college-basketball/boxscore/_/gameId/401486724
2023,https://www.espn.com/mens-college-basketball/boxscore/_/gameId/401479676
2023,https://www.espn.com/mens-college-basketball/boxscore/_/gameId/401483424
2023,https://www.espn.com/mens-college-basketball/boxscore/_/gameId/401484837
2023,https://www.espn.com/mens-college-basketball/boxscore/_/gameId/401484844
2023,https://www.espn.com/mens-college-basketball/boxscore/_/gameId/401483425
2023,https://www.espn.com/mens-college-basketball/boxscore/_/gameId/401483427
2023,https://www.espn.com/mens-college-basketball/boxscore/_/gameId/401484871
2023,https://www.espn.com/mens-college-basketball/boxscore/_/gameId/401484877
2023,https://www.espn.com/mens-college-basketball/boxscore/_/gameId/401484885
2023,https://www.espn.com/mens-college-basketball/boxscore/_/gameId/401484892
2023,https://www.espn.com/mens-college-basketball/boxscore/_/gameId/401484898
2023,https://www.espn.com/mens-college-basketball/boxscore/_/gameId/401523790
2023,https://www.espn.com/mens-college-basketball/boxscore/_/gameId/401484914
2023,https://www.espn.com/mens-college-basketball/boxscore/_/gameId/401484918
2023,https://www.espn.com/mens-college-basketball/boxscore/_/gameId/401484930
2023,https://www.espn.com/mens-college-basketball/boxscore/_/gameId/401484936
2023,https://www.espn.com/mens-college-basketball/boxscore/_/gameId/401484941
2023,https://www.espn.com/mens-college-basketball/boxscore/_/gameId/401484948
2023,https://www.espn.com/mens-college-basketball/boxscore/_/gameId/401484953
2023,https://www.espn.com/mens-college-basketball/boxscore/_/gameId/401484962
2023,https://www.espn.com/mens-college-basketball/boxscore/_/gameId/401484967
2023,https://www.espn.com/mens-college-basketball/boxscore/_/gameId/401484977
2023,https://www.espn.com/mens-college-basketball/boxscore/_/gameId/401484985
2023,https://www.espn.com/mens-college-basketball/boxscore/_/gameId/401484990
2023,https://www.espn.com/mens-college-basketball/boxscore/_/gameId/401514414
